{"schemaVersion":"1.0","appDefinitionTemplate":{"id":"/providers/Microsoft.PowerApps/apps/","type":"Microsoft.PowerApps/apps","tags":{"primaryDeviceWidth":"1366","primaryDeviceHeight":"768","sienaVersion":"20201201T195825Z-3.20111.52.0","deviceCapabilities":"","supportsPortrait":"false","supportsLandscape":"true","primaryFormFactor":"Tablet","publisherVersion":"3.20111.52","minimumRequiredApiVersion":"2.2.0","hasComponent":"true","hasUnlockedComponent":"true","isUnifiedRootApp":"false"},"properties":{"appVersion":"2020-12-01T19:58:25Z","lifeCycleId":"Published","createdByClientVersion":{"major":3,"minor":20111,"build":52,"revision":0,"majorRevision":0,"minorRevision":0},"minClientVersion":{"major":3,"minor":20111,"build":52,"revision":0,"majorRevision":0,"minorRevision":0},"backgroundColor":"rgba(76, 74, 72, 1)","backgroundImageUri":"/4231776693282518913/N5578b58d-6c59-45ad-9f02-aa3131dcdb95-logoSmallFile","displayName":"Unity Components","description":"Collection of Unity inspired components for use with your Power App.","commitMessage":"Removed orphaned connections.","appUris":{"documentUri":{"value":"/4231776693282518913/Nf6ffa99e-eb9f-4871-927e-89960f6e30ff-document.msapp"},"imageUris":[]},"createdTime":"0001-01-01T00:00:00Z","lastModifiedTime":"0001-01-01T00:00:00Z","sharedGroupsCount":0,"sharedUsersCount":0,"icons":{"smallIconUri":"/4231776693282518913/N185a109e-6c33-478a-89a2-2cfb14e4833c-small.png","mediumIconUri":"/4231776693282518913/N8ae45f9b-794c-4430-941a-d8be0bd36bc3-medium.png","largeIconUri":"/4231776693282518913/N6181dfeb-a28c-4093-8c80-69caeac750e2-large.png","wideIconUri":"/4231776693282518913/Nc5bb3bce-ea27-4f52-bddd-42ca19929bda-wide.png"},"connectionReferences":{},"databaseReferences":{},"almMode":"Environment","performanceOptimizationEnabled":true,"canConsumeAppPass":true,"executionRestrictions":{"isTeamsOnly":false,"dataLossPreventionEvaluationResult":{"status":"Compliant","lastEvaluationDate":"2020-11-25T03:38:04.4917661Z","violationDetails":[]}}},"isAppComponentLibrary":false,"appType":"ClassicCanvasApp","appComponents":[]}}