{"schemaVersion":"1.0","appDefinitionTemplate":{"id":"/providers/Microsoft.PowerApps/apps/","type":"Microsoft.PowerApps/apps","tags":{"primaryDeviceWidth":"1366","primaryDeviceHeight":"768","sienaVersion":"20201220T025354Z-3.20114.22.0","deviceCapabilities":"","supportsPortrait":"false","supportsLandscape":"true","primaryFormFactor":"Tablet","publisherVersion":"3.20114.22","minimumRequiredApiVersion":"2.2.0","hasComponent":"true","hasUnlockedComponent":"true","isUnifiedRootApp":"false"},"properties":{"appVersion":"2020-12-20T02:53:54Z","lifeCycleId":"Published","createdByClientVersion":{"major":3,"minor":20114,"build":22,"revision":0,"majorRevision":0,"minorRevision":0},"minClientVersion":{"major":3,"minor":20114,"build":22,"revision":0,"majorRevision":0,"minorRevision":0},"backgroundColor":"rgba(76, 74, 72, 1)","backgroundImageUri":"/4231776693282518913/N0fa92c35-f18a-4d71-b2da-b807ccde0874-logoSmallFile","displayName":"Unity Components","description":"Collection of Unity inspired components for use with your Power App.","commitMessage":"Enhanced Tooltip control. Feedback from Melissa Lee.","appUris":{"documentUri":{"value":"/4231776693282518913/N19de9666-b26a-4fc5-88ac-0b3e4b88dbcf-document.msapp"},"imageUris":[]},"createdTime":"0001-01-01T00:00:00Z","lastModifiedTime":"0001-01-01T00:00:00Z","sharedGroupsCount":0,"sharedUsersCount":0,"icons":{"smallIconUri":"/4231776693282518913/N943680d2-69f4-4442-acb4-e5187fce20a8-small.png","mediumIconUri":"/4231776693282518913/Nedded162-4108-4d82-9d7e-5812b737dade-medium.png","largeIconUri":"/4231776693282518913/Nf07b04b7-d310-4d3d-9193-99f2a48e8e6a-large.png","wideIconUri":"/4231776693282518913/N890c3510-8bab-4593-8287-1e7dc1e075c6-wide.png"},"connectionReferences":{},"databaseReferences":{},"almMode":"Environment","performanceOptimizationEnabled":true,"canConsumeAppPass":true,"executionRestrictions":{"isTeamsOnly":false,"dataLossPreventionEvaluationResult":{"status":"Compliant","lastEvaluationDate":"2020-11-25T03:38:04.4917661Z","violationDetails":[]}}},"isAppComponentLibrary":false,"appType":"ClassicCanvasApp","appComponents":[]}}