{"schemaVersion":"1.0","appDefinitionTemplate":{"id":"/providers/Microsoft.PowerApps/apps/","type":"Microsoft.PowerApps/apps","tags":{"primaryDeviceWidth":"1366","primaryDeviceHeight":"768","sienaVersion":"20201222T145307Z-3.20114.22.0","deviceCapabilities":"","supportsPortrait":"false","supportsLandscape":"true","primaryFormFactor":"Tablet","publisherVersion":"3.20114.22","minimumRequiredApiVersion":"2.2.0","hasComponent":"true","hasUnlockedComponent":"true","isUnifiedRootApp":"false"},"properties":{"appVersion":"2020-12-22T14:53:07Z","lifeCycleId":"Published","createdByClientVersion":{"major":3,"minor":20114,"build":22,"revision":0,"majorRevision":0,"minorRevision":0},"minClientVersion":{"major":3,"minor":20114,"build":22,"revision":0,"majorRevision":0,"minorRevision":0},"backgroundColor":"rgba(76, 74, 72, 1)","backgroundImageUri":"/4231776693282518913/N7a4fbf1b-bf2e-4637-80ab-49e99d8cd1ba-logoSmallFile","displayName":"Unity Components","description":"Collection of Unity inspired components for use with your Power App.","commitMessage":"Added Combo Box control to form controls.","appUris":{"documentUri":{"value":"/4231776693282518913/N0240f294-22a6-4c2d-aaad-3064802bbf47-document.msapp"},"imageUris":[]},"createdTime":"0001-01-01T00:00:00Z","lastModifiedTime":"0001-01-01T00:00:00Z","sharedGroupsCount":0,"sharedUsersCount":0,"icons":{"smallIconUri":"/4231776693282518913/N6a488e00-1a8a-4a81-a517-b6268a6e71be-small.png","mediumIconUri":"/4231776693282518913/N02da3265-8e29-4abd-a107-8a8df7aa5c6c-medium.png","largeIconUri":"/4231776693282518913/Nac822c2c-329b-4334-99a2-a3098baefe09-large.png","wideIconUri":"/4231776693282518913/N2043913e-a43a-4b85-8ec3-3fcf475bf997-wide.png"},"connectionReferences":{},"databaseReferences":{},"almMode":"Environment","performanceOptimizationEnabled":true,"canConsumeAppPass":true,"executionRestrictions":{"isTeamsOnly":false,"dataLossPreventionEvaluationResult":{"status":"Compliant","lastEvaluationDate":"2020-11-25T03:38:04.4917661Z","violationDetails":[]}}},"isAppComponentLibrary":false,"appType":"ClassicCanvasApp","appComponents":[]}}